Month,NYC,ManHattan,Percentage
Jan,18101,3178,17.557041047455943
Feb,15985,3195,19.987488270253362
Mar,18471,3479,18.834930431487194
Apr,18331,3540,19.311548742567236
May,20052,3432,17.115499700777978
Jun,19433,2956,15.211238614727526
Jul,19867,3055,15.377258770825994
Aug,19678,2844,14.452688281329404
Sep,19492,2744,14.077570285245228
Oct,19666,2831,14.395403234007933
Nov,19315,2838,14.693243593062386
Dec,19214,2634,13.708754033517225
